Shaylyn Rogerio Jean,5396
Belva Bobbee,9233
Jackie Gilbertson,8195
Jerry Swanhildas,8622
Rosene Frendel,7062
Augustine Roxanna,1195
Eugine Geffner,3202
Trudie Bandeen,9792
Yvonne Rustice,6548
Claresta Chaing,9006
Reeba Zeeba,4382
Valli Anis,1443
Kristan Rosemary,4890
Brynna Kravits,5361
Claresta Meli,1170
Dari Cordi,8860
Yetty Kellby,8521
Clementine Toffic,9289
Wilma Allina,8263
Heddie Stilwell,9017
Marti Hazlett,9304
Jobi Kevon,1275
Desirae Ventre,7593
Vevay Allina,3030
Grier Fosque,5949
Nessie Knowling,1818
Almeta Vernier,8034
Peri Tamar,8718
Dulce Iphlgenia,7654
Norine Thema,1406
Melisent Zuzana,1208
Celestyna Winthorpe,9218
Roseline Lytton,3340
Gloria Presber,2573
Thalia Fiester,8972
Sean Meter,7356
Merry Swigart,3690
Gale Tice,1920
Ashlee Jerald,9969
Fanchon Pascia,1954
Dede Suzetta,7532
Mahalia Hubert,1421
Michaelina Darbie,9999
Aili Buttaro,2965
Angela Buckler,5717
Carlie Imelida,8009
Chere Rogerio,3884
Eugine Hoenack,9933
Kaja Larochelle,1319
Demetris Zina,5242
Catharine Lea,1154
Dennie Hamil,2372
Jennica Dom,1442
Max Shanley,5561
Candy August,6510
Debee Natica,9031
Leontine Tomasina,3959
Chandra Huggins,5123
Correy Donell,7251
Dominga Gusella,3742
Fayre Thema,9459
Janenna Rad,7564
Rani Seessel,1128
Janey Aida,7249
Althea Bartlett,3713
Anthia Kress,3954
Gwenneth Jorgan,7949
Michaelina Goddard,2107
Melisent Germann,2923
Asia Rhu,3074
Judy Darrell,2220
Lynnea Krystle,9820
Elvira Ethban,8251
Gabi Lemuela,4599
Vonny Bonucci,7624
Lila Wolfgram,8842
Noelle Norrie,9590
Ira Tomasina,2874
Sue Cleo,9930
Carilyn Demitria,6523
Leia Aurelio,8416
Aubrie Hamil,4738
Florencia Gavrila,3195
Tonia Melleta,6128
Stacey Chobot,1549
Amara Phi,1312
Catrina Abram,8764
Nerta Kendrick,4116
Helsa Muriel,1576
Starla Ilka,7523
Winifred Ogren,5104
Melodie Izaak,7395
Chloris Rebecka,2232
Misha Jerold,4189
Aimil Anselmi,6073
Jaime Autrey,5738
Lory Buffum,9063
Alie Gusella,6150
Hyacinthe Thad,4126
Lulita Stacy,1250
Evita Uund,1006
Sophia Jalbert,4376
Ann-Marie Lemuela,7252
Queenie Wareing,7406
Lucy LaRue,5464
Ardenia Goldina,4032
Daphne Fry,3684
Cissiee Remmer,2788
Letizia Dorine,5302
Sophia Frendel,2200
Deedee Swanhildas,3608
Doralynne Engdahl,5850
Sharlene Publia,9988
Kayla Cloris,1840
Tatiania Honoria,6258
Averyl Bennie,4118
Brena Zeeba,8235
Phylis Bevin,3467
Delilah Millda,9425
Agathe Lacombe,7438
Dorice Maryanne,4685
Nita Longfellow,9625
Jobi Chauncey,2854
Alyda Vittoria,4757
Claudina Agle,5992
Joleen Kylander,2685
Kittie Darian,4159
Blinni Regan,7931
Karly Zuzana,2457
Quintina Vins,5551
Kaia Shama,9108
Jobi Cornelia,4609
Dominga Christal,8320
Sallie Lewes,7959
Tori Ax,7839
Binny Thornburg,3691
Britni Bandeen,2116
Cassondra Wattenberg,1531
Danny Ferino,9650
Christian Fulmer,4894
Millie Gower,6168
Pierette Melan,8092
Benita Bakerman,9513
Larine Nunci,9439
Darci Jalbert,4872
Bibby Grayce,3583
Kirstin Hylan,9139
Carlie Truc,2839
Anica Ilka,2679
Tybie Palocz,2168
Tami Dalli,7319
Philis Lattie,7150
Doralynne Guildroy,1169
Merle Baudin,5070
Mady Woodberry,6612
Christian Felecia,7377
Blinni Delacourt,3825
Nataline Erskine,6349
Stacey Sigfrid,7669
Juliane Darrell,5697
Fawne Gombach,4984
Celisse Blase,6292
Melina Land,9997
Gretal Marijo,3108
Nadine Carlson,4775
Fanchon Lutero,2915
Clementine Parette,6720
Joy Nadia,1659
Sheelagh Janith,9177
Darci My,8266
Alyda Wu,5636
Moyna Gaal,2849
Oona Milde,4222
Abbie Delacourt,5241
Florie Lia,4943
Caryl Jefferey,9968
Delilah Emanuel,5130
Christal Revkah,2705
Fidelia Marlie,5773
Carree Cosenza,3443
Kaja Ferrell,9733
Melisent Lilas,7662
Viki Elisha,8248
Ricky Ax,9654
Zondra Liva,8428
Albertina Cleo,9380
Kamilah Grosz,4118
Dulcinea Andrel,5368
Rochette Brandice,4427
Nita Sundin,1096
Addia Soneson,5366
Fernande Schonfeld,1661
Annecorinne Ludewig,4639
Agathe Dahlia,5542
Vinita Tayib,7411
Johna Daveta,4107
Sue Merna,5623
Queenie Chobot,9355
Danny Toni,8955
Sam Payson,2529
Celestyna Solitta,1649
Philis Stelle,1359
Philis Raffo,3524
Blake Maroney,2490
Shaylyn Rogerio Jean,6156
Celestyna Solitta,9558
Olwen Stilwell,5928
Darlleen Strephon,1742
Dennie Mauer,2866
Charlena Chandler,2272
Celestyna Solitta,2447
Daune Pandolfi,8037
Raf Fiann,3666
Tiffie Wyn,3307
Siana Hewitt,3372
Lyssa Brady,3302
Feliza Corilla,4821
Ursulina Edison,8785
Chloris Krystle,4231
Nadine Tryck,5155
Dennie Gwenore,6417
Miquela Bakerman,9299
Vevay Naashom,7730
Susette Marlie,3717
Leontine Peti,4915
Iseabal Fulmer,6673
Gabi Morgun,8556
Mamie Holtz,7725
Liana Brotherson,2234
Katuscha Tomasina,3531
Gianina Kaja,7692
Jan Genna,3044
Elfreda Evvie,9840
Cindelyn Aloise,1112
Stevana Helfand,4886
Consuela Truc,8106
Nikki Fax,3682
Rhea Rosemary,4688
Sue Jefferey,3646
Lita Martguerita,9505
Libbie Johnsson,1590
Shaylyn Rogerio Jean,5256
Britni Lattie,5010
Shaylyn Rogerio Jean,7709
Donetta Dichy,1421
Lacie Neva,7301
Maridel Breed,4637
Fayre Tacye,4942
Ekaterina Thema,8766
Fredericka Zachary,6348
Brooks Cecile,5564
Jenda Burkle,9056
Devina Garek,6690
Teriann Bevin,1149
Jany Blisse,3421
Nessie Byrne,3697
Ethel Syd,7534
Vonny Milson,2988
Starla Howlyn,4764
Tabbatha Pacorro,3751
Louella Torray,9875
Sashenka Rona,6046
Brianna Huggins,7633
Andree Toor,7094
Carilyn Tamar,4152
Kenna Hashim,3884
Leanna Terencio,4935
Lilith Constancy,4008
Genevra Lia,5033
Jessy Lubin,2668
Lily Florina,6989
Gisela Simmonds,6990
Lila Arvo,4630
Rosene Reneta,6705
Paule Ophelia,3611
Corry Ramona,3639
Stacey Devlen,6384
Gwyneth Stover,5081
Chloris Baptlsta,7109
Nariko Olnee,3589
Mignon Latini,6165
Tersina Carmena,6521
Myrtice Schonfeld,6498
Gratia Giff,1034
Johna Soneson,7357
Esmeralda Marijo,5885
Adore Autrey,8305
Adelle Jillane,4001
Jordan Gale,3638
Sybille Kaja,8181
Carilyn Germann,9527
Olwen Dunkin,6604
Louella Gibbeon,8606
Wynne Oscar,9422
Damaris Carri,7759
Leia Brunell,8275
Robinia Cordi,5832
Cissiee Flyn,5959
Bobbi Clarissa,6893
Florencia Noelyn,7421
Stephanie Jaylene,2265
Clarice Marlie,2205
Kerrin Lail,7598
Alyssa Amasa,1705
Donnie Brenn,9571
Mireielle Florina,9305
Glynnis Bebe,3419
Althea Alwin,3417
Malina Fink,7148
Loree Rocray,9368
Celisse Wildermuth,4920
Mariann Modie,6690
Luci Kenwood,6586
Carlie Fabiola,1382
Shandie Argus,8472
Sam Liebermann,1807
Mellicent Weaks,3245
Tamqrah Bari,7305
Hallie Hieronymus,3257
Valeda Jary,7114
Ketti Rocray,7613
Lyssa Halsey,5799
Laurene Chauncey,4503
Gaylene Burch,6748
Vere Milde,9821
Janey Hepsibah,8851
Sandie Cadmar,3840
Hildegaard Milde,5302
Albertina Andrel,1601
Fina Decato,4900
Consuela Fosque,7305
Edee Seessel,7854
Patricia Corilla,2668
Heida Revkah,4179
Karolina Duwalt,9745
Jackie Israeli,4748
Gerrie O'Rourke,8646
Anthia Neva,3380
Celestyna Dom,3418
Jorry Susannah,4630
Jessamyn Yam,7850
Deirdre Terrence,1773
Jasmina Bethany,4817
Silvana Sperling,8116
Linzy Granoff,4838
Dennie Celestine,9812
Ebonee Ochs,8598
Kathy Maples,5755
Jsandye Wittie,5236
Althea Kaete,3905
Natka Goddard,9287
Wendi Egbert,2014
Gerianna Iiette,2395
Demetris Loleta,3653
Rosabelle Zrike,3291
Fayre Hoban,4934
Allyce Gusella,1540
Monika Swanhildas,4144
Priscilla Emmaline,1954
Gabriellia Trey,9369
Lily Burch,3805
Riannon Luhe,7190
Dari Atonsah,6057
Agathe Heidt,3738
Deane Anderea,3534
Berta Tamar,7003
Nerta Lareena,7072
Bobbi Chesna,4452
Marita Alejoa,7587
Nerta Amadas,8058
Vere My,9380
Brynna Faro,2595
Barbara Harl,8285
Consuela Wooster,9279
Flo Roscoe,2538
Elfreda Gusella,8299
Priscilla Koziara,1416
Karena Wenoa,4385
Dagmar McAdams,9787
Patricia Connelly,5331
Aurelie Faust,4959
Alyssa Parette,2399
Sabina Parette,6320
Eolanda Haldas,6439
Brynna Vivle,5531
Carmencita Valoniah,1129
Aimil Raul,7560
Alexine Ciro,1806
Cherrita Pip,7930
Deirdre Estella,8297
Caritta Francene,6444
Emma Laverne,9632
Janenna Travax,8446
Aimil Lilas,5457
Hettie Burkle,4532
Ulrike Annice,1012
Carolina Hewitt,7836
Annabela Lymann,6932
Claresta Alarise,3271
Marline Sigfrid,3430
Priscilla Lemuela,8795
Ethel Brunell,1970
Marleah Willie,3658
Tori Ader,4512
Cathyleen Deny,7091
Robbi Dyche,6781
Winny Hieronymus,1191
Brana Ioab,1331
Wendi Chauncey,9248
Shaylyn Stanwood,3375
Meg Gregrory,4809
Beatriz Oriana,6226
Phylis Mich,5023
Goldie McAdams,5233
Nananne Tiffa,7421
Dari Elvyn,6745
Mahalia Presber,7725
Theodora Bethany,2949
Neila Bates,8393
Valera Quent,8339
Aili Libna,3856
Charlena Tatianas,9609
Diena Janith,2517
Alameda Nadia,7638
Babita Anderea,7594
Rivalee Matthew,3559
Elsie Belldas,7719
Beatriz Reneta,8936
Consuela Sallyann,3848
Evaleen Lytton,1150
Anthia Gahl,9959
Livvyy Eugenia,9897
Ekaterina Brian,9734
Sybille Pacorro,7691
Suzette Silvan,2899
Belva Frodi,8479
Roberta Lesley,6085
Starla Sawtelle,5648
Ulrike Ochs,3747
Nicoli Arvo,5604
Ashlee Iaverne,2043
Corene Sandye,3874
Brena Gaal,5209
Tabbatha Linskey,7638
Raquela Rillings,4780
Alameda Miru,8413
Annice Selway,2995
Betta Delila,2929
Janey Revkah,4142
Daune Vale,7875
Aaren Eno,7038
Queenie Joni,6307
Gaylene Fredi,6000
Fanchon Randene,1371
Christal Fitzsimmons,6282
Merrie Nickola,7009
Joeann Christine,8431
Edyth Schlosser,1285
Celestyna Johnsson,8580
Coral Barbey,5787
Rozele Flita,1028
Charmaine Iiette,8769
Rhea Barrus,8480
Jackie Shaver,4756
Lily Linskey,1039
Joleen Lutero,3890
Teddie Alisia,2188
Clementine Delacourt,6327
Violet Olnee,8752
Lelah Bollay,4028
Elsie Dielu,9706
Danny Kannry,9097
Stevana Shaver,4049
Leona Giule,2456
Gratia Truc,3958
Emelina Warthman,2351
Cordi Schalles,8748
Eve Aldric,2548
Karena Roarke,8753
Belva Atcliffe,9438
Clo Elsinore,4523
Edith Zitvaa,3245
Heddie Land,7575
Goldie Terencio,8331
Johna Rona,7154
Kathi Fontana,1135
Fanny Cimbura,4029
Dulce Wyn,4623
Darci Raama,8358
Paola Hilbert,1113
Vanessa Sheng,1641
Shel Flyn,6957
Judy Sikorski,5425
Florencia Socha,8809
Jinny Swanhildas,3015
Ayn Colleen,3571
Judy Curren,5883
Aurore Bonilla,5591
Jacquetta Manolo,3853
Quintina Yerkovich,3177
Joleen Drus,4382
Petronia Elisha,5763
Arlina Gibbeon,8724
Olivette Harl,9678
Donnie Toni,2757
Katuscha Gordon,7754
Pearline Saree,6541
Trudie Calhoun,8106
Jerry Ortrude,1146
Deirdre Yorick,6468
Nollie Chick,6823
Eve Salvidor,3560
Stacey Devlen,5077
Brooks Euridice,4765
Xylina Nore,2777
Ginnie Bow,4964
Vevay Maurine,9880
Elie Jess,6621
Averyl Lytton,5310
Orsola Celestine,5308
Orelia Stilwell,9793
Feliza Nelsen,2682
Stacey Kathie,1939
Leanna Olnee,2739
Dulce Kannry,2554
Stacey Devlen,5084
Shell Read,7438
Edyth Emanuel,9749
Nollie Ovid,3487
Tiffie Daniele,1605
Lanna Anton,7084
Ginnie Liva,1036
Audrie Germann,3078
Steffane Hathaway,3134
Theodora Martsen,9482
Farrah Maryanne,3669
Hettie Seligman,6873
Rubie Screens,4710
Hyacinthe Randene,8313
Lynea Tiffa,1596
Kara-Lynn Westphal,4912
Ruthe Anton,1609
Ashlee Chapland,8305
Christal Francene,9132
Karina Kamaria,9409
Valera Fink,9000
Netty McCutcheon,6465
Neila Arvo,7979
Ashlee Aaberg,7314
Natka Rheingold,9313
Netty Jammal,9843
Deedee Faria,3086
Etta Berne,9774
Konstance Hillel,3367
Kelly Behre,9210
Adriana Delacourt,1196
Aubrie Lorenz,3549
Annabela Gower,3027
Arlena Cynar,8521
Johna Salchunas,5688
Gabriellia Bari,3764
Madelle Maiah,2123
Sonni Ledah,5770
Di Burnside,5323
Gabi Braun,4868
Arlina Paton,2993
Averyl Gemini,6583
Jeanna Ardeha,5635
Gabi Larochelle,2850
Minda Heidt,9275
Lizzie Goddard,9622
Melina Maples,6921
Benita Shields,8293
Gisela Claudine,3879
June Rossner,1263
Latisha Boehike,1577
Hettie Autrey,8610
Jeanna Kress,4094
Lorie Rubie,5367
Doro McGrody,9648
Kathi Concha,9298
Minda Wooster,7594
Tressa Madaih,8791
Kimmy Roumell,4455
Elvira Alcott,5061
Mariann Yorick,7772
Anallese Publia,4737
Maud Fiester,6650
Merle Destinee,8065
Nonnah Primalia,7374
Gratia Darrell,8258
Norine Nester,4742
Jany Peg,8233
Melina Soneson,5711
Brietta Richers,1957
Wynne Weide,5274
Paola Rosemary,6065
Fina Nahum,6857
Donnie Parsaye,1512
Feliza Teryn,5633
Taffy Arathorn,5996
Ezmeralda Hewitt,9965
Sadie Loeb,6947
Zaria Wu,9846
Briney Munn,9349
Vere Chapland,1150
Melina Argus,6436
Mary Madox,3694
Louella Shields,4763
Hettie Arvo,1914
Arlina Cookie,3480
Bobinette Amethist,4138
Therine Bakerman,1453
Sabina Felizio,9434
Britni Berard,7354
Louella Kiyoshi,2566
Emmey Charity,1336
Odessa Brotherson,9664
Deloria Reneta,4640
Kial Eugenia,2920
Ethel Felizio,5011
Ulrike Scammon,6405
Marline Hertzfeld,5794
Mady Marden,6088
Corina Luhe,2469
Nananne Anastatius,9856
Cordi Hoenack,8586
Benita Garbe,2074
Corina Noam,2355
Siana McClimans,4376
Cristabel Poppy,8490
Veda Quent,9594
Sidoney Mathilde,4953
Elyssa Durware,1013
Hollie Lail,5619
Johna Infield,4959
Lesly Roscoe,9874
Elie Tyson,3496
Zondra Gilbertson,7620
Oralee Kaete,5387
Tami Natalia,1857
Jorry Gherardo,9262
Korrie Wyn,4484
Juliane Lindemann,3114
Jorry Sigfrid,8022
Dulcinea Alexandr,8770
Cherrita Tybald,2640
Jessy Phi,3257
Sonni Armanda,1448
Nelle Rillings,8820
Reeba Kendrick,3982
Gertrud Garrison,2736
Mureil Brunell,5312
Maridel Mich,9752
Dulce Gusella,5543
Deedee Leary,1817
Nanete Klemperer,8175
Layla Jotham,4696
Albertina Allina,8139
Valli Nunci,5518
Eve Carlson,7072
Lynnea August,9284
Aaren Noelyn,6641
Trixi Leffen,9097
Olwen Erlandson,7415
Clarice Afton,3939
Cathie Hirsch,1301
Candi Milson,6397
Mady Whiffen,9981
Deedee Evvie,9769
Dione Colp,7390
Jere Sidonius,5164
Bernardine Ramona,9416
Mireielle Serilda,6614
Emilia Cherianne,5784
Carlie Skurnik,8644
Korrie Lumbard,6471
Stephanie Kunin,4149
Rosabelle Salchunas,9992
Leona Leary,8668
Odessa Sprage,5046
Ira Tarrant,5724
Tani Sandye,7484
Imojean Reidar,9707
Vinita Orlene,2963
Annice Bollay,3816
Chastity Annice,9036
Carmela Alwin,1126
Asia Iiette,1285
Aimil Poppy,9351
Lanae Crudden,8213
Tobe Lytton,4572
Bobbi Cornelia,7623
Pearline Fiester,8241
Vivia Hoenack,7171
Nerta Suk,9436
Corene Lail,5696
Camile Drisko,3716
Aimil Fulmer,5284
Micheline August,4183
Mellicent Ilka,3702
Kristan Zaslow,8085
Magdalena Sawtelle,8201
Renae Amasa,7207
Molli Garek,7681
Valli Bigner,5806
Emylee Bultman,6281
Albertina Amethist,6405
Sonni Bennie,9281
Mady Rillings,6029
Marinna Cressida,2255
Dianemarie Sisile,2255
Pierette Thad,3694
Heida Teddman,4706
Lelah Daniele,8871
Marguerite Eiser,2882
Starla Leopold,4374
Donetta Remmer,5089
Josephine Skell,2219
Marline Soneson,8893
Wilma Nea,9863
Mignon Arvo,5414
Dawn Toor,6109
Imojean Cadmar,7888
Codie Hathaway,5697
Meg Fontana,7875
Florie Andrel,7249
Catrina Craggie,2193
Lynnea Garbe,5652
Claresta Kaja,8737
Gretal Laverne,5595
Lita Gaal,8122
Petronia Waldron,7943
Gerrie Dermott,3015
Dulce Garlinda,1565
Jennica Hylan,2950
Elfreda Sothena,9140
Jerry Armanda,6511
Valeda Lipson,5996
Gale Seessel,3680
Jobi Brieta,6331
Dari Mike,9827
Daune Ferino,7464
Gaylene Bow,7717
Jean Uund,8417
Genevra Mullane,1255
Sybille Cecile,4218
Fanchon Dreda,2433
Chastity Terrence,2946
Jessamyn Ogren,7072
Benita Lacombe,5535
Harrietta Merna,5050
Aeriela Kesley,2818
Susette Isacco,2522
Elena Delacourt,4499
Annabela Chapland,5351
Catrina Isacco,2742
Therine Minetta,8452
Almeta Kinnard,9484
Ofilia Chabot,8661
Lexine Malanie,2390
Tatiania Fosque,2261
Pamella Christine,2477
Sonni Obed,9350
Nanete Brieta,6121
Nataline Maiah,5261
Isa Rustice,1877
Genovera Toor,5249
Frank Stevy,6425
Lexine Natica,7578
Madelle Barney,2607
Roberta Glenden,2677
Minne Decato,2088
Maud Sothena,7513
Aili Terrence,6699
Tera Pozzy,5931
Fernande Katrine,7437
Aeriela Buckler,6358
Gerrie Maxi,3307
Sonni Bow,8599
Constance Rubie,7591
Melina Zitvaa,5781
Gwenneth Loring,3947
Sherrie Scammon,1064
Sean Keelia,3761
Gusty Grayce,1235
Dorice Seumas,7291
Kamilah Adore,2145
Cherrita Jacobah,1844
Berta Elbertina,8594
Mady Hewitt,3621
Clarice Estella,2294
Ana Boehike,7358
Vere Jess,1512
Dode Zenas,1970
Joane Rodmann,7254
Nicoli Bobbee,9722
Bertine Chandler,4189
Elvira Vharat,8651
Adele Sperling,2419
Lory Pernick,3407
Cordi Telfer,1368
Renie Linskey,2783
Stephanie Meter,3235
Lorie Carleen,3324
Wendi Bearnard,8558
Millie Cleavland,6332
Fredericka Poppy,9286
Carmencita Campball,8380
Mady Carlson,8762
Bertine Chobot,4800
Gerianna Rosemary,3619
Ardeen Cavan,5028
Almeta Graig,8893
Emelina Brittani,3297
Ardeen Fax,3437
Kittie Stanwood,5347
Elise Henrie,1333
Starla Calhoun,2865
Vere Keily,6380
Elmira O'Neill,3187
Ashlee Docilla,2240
Jany Hurley,9875
Belva Velick,5494
Mara Saunderson,7966
Neila Ursulette,3434
Mary Atcliffe,6491
Jasmina Pandolfi,9834
Hildegaard Anyah,5332
Kristan Matthew,7662
Calla Allina,9555
Berget Philoo,8128
Clo Anton,4465
Amii Baylor,4277
Aryn Nedrud,5849
Nickie Gusella,2952
Brooks Brady,5904
Fina Decato,8205
Averyl Riva,3939
Lynea Deegan,3431
Lynea Buttaro,3080
Elise Buckler,7465
Goldie Bevin,1914
Jere Hailee,4966
Sadie Callista,4423
Cristabel Shama,4923
Cristine Phi,3121
Priscilla Stav,6434
Daryl Marden,4627
Elie Rosette,2421
Belva Vanni,1706
Gerrie Zetta,2121
Regina Philipp,1264
Barbara Niles,3555
Paulita Orlene,2091
Sidoney Blisse,1033
Kassey Mullane,1775
Cyb Ioab,1368
Sindee Adore,7312
Sheelagh Franza,7216
Atlanta Gert,3690
Dominga Poll,9520
Annice Roarke,7477
Courtnay Kiersten,6181
Elie Elisha,9202
Lucy Gilbertson,9751
Rebeca Fontana,7097
Viviene Evangelia,2304
Teddie Dalli,5407
Annora Daegal,8917
Janenna Richers,9628
Lisette Angelis,9643
Lory Revkah,5045
Cassandra Santoro,4272
Ira Concha,6286
Ofilia Leifeste,6529
Vonny Chesna,6294
Minne Kaja,8130
Cassondra Michella,8204
Lisette Martguerita,8477
Andeee Selway,6845
Felice Kunin,8901
Bernie Burkle,1060
Julieta Caitlin,2751
Fawne Lymann,8972
Fred Roumell,7880
Elyssa Leopold,1727
Lexine Elsinore,6725
Jillayne Yerkovich,5139
Margarette Erlandson,4856
Steffane Masao,4053
Charmaine Fiann,6655
Paola Cottle,1360
Priscilla Elsinore,1923
Sophia Fry,2716
Trixi Fax,8411
Deloria Concha,2858
Sibella Lauraine,3469
Shauna Ochs,3575
Mariann Bronk,6413
Rosene Sophronia,4402
Dorothy Manolo,1666
Nariko Buckler,9402
Almeta Dimitris,5765
Madeleine Shanley,7944
Raquela Karylin,7741
Noelle Frodi,1034
Alexine Jena,9787
Korrie Elephus,7052
Millie Erlandson,1338
Kristina Anyah,3578
Constance Bluh,4183
Zsa Zsa Loeb,6376
Kerrin Beebe,5152
Heida Lorenz,8488
Georgetta Bartlett,8492
Verla Pettiford,7782
Joy Magnolia,7932
Goldie Jacinda,7347
Allyce Stover,1002
Gaylene Zeeba,1065
Rosaline Haymes,5448
Lonnie Screens,6211
Emilia Llovera,2662
Sadie Ranjiv,6961
Christian Dielu,3854
Leia Shelba,5071
Patricia Rona,8934
Wilma Iaverne,2698
Janis Martguerita,1727
Belva Destinee,5128
Dulce Laverne,3840
Pamella Henebry,2525
Carree Warthman,8892
Morganica Dorcy,4212
Dorice Decato,5746
Adele Wind,8409
Lelah Shirberg,2235
Kaia Baptlsta,8065
Katleen Randene,2374
Carmela Levey,2665
Selma Hartnett,5497
Tami Ioab,3190
Dale Velick,4919
Natka Fleeta,1659
Christal Martguerita,7766
Justinn Dorcy,2246
Amelia Stanwood,7537
Helena Saree,7410
Gabriellia Hebner,5563
Gwyneth Marlie,5076
Madeleine Ogren,9240
Lenna Lorenz,3234
Emilia Taima,5230
Cassondra Felizio,4438
Heida Tremayne,4409
Gianina Vernier,9647
Joleen Haymes,9461
Beverley Chaing,9566
Adele Isacco,4589
Gale Ajay,5371
Alyssa Engdahl,2638
Nonnah Carbo,6343
Loree Philipp,5889
Rubie Trinetta,4225
Clementine Orpah,5295
Blake Ariella,9218
Karina Drus,5236
Charissa Latini,2676
Bernardine Juliet,1541
Emylee Lipson,7526
Marika Sancho,5043
Tierney Fancie,5433
Paulita Wattenberg,8795
Minda Carbo,2731
Roxane Zola,3312
Beverley Cherianne,6173
Jenilee Cristi,5832
Lynde Ackerley,7221
Elfreda Maribeth,7530
Sheelagh Yerkovich,7308
Pearline Gladstone,7939
Elora Cleo,7952
Ivett Wyn,7866
Jemie Wu,8699
Roberta Wesle,3954
Rochette Tyson,7111
Elfreda Shelba,2352
Collen Capello,5008
Kalina Frodi,2641
Nannie Philipp,7918
Penelopa Velick,4442
Lory Joli,3861
Sam Miru,6608
Damaris Serilda,3480
Marnia Lunsford,7210
Mary Camden,4559
Anthia Haymes,2267
Darci Virgin,5259
Beth Charmine,4981